Name,Application
Sunrise Senior Living,https://newresident.sunriseseniorliving.com/
New Horizons at Malborough,https://www.countrycommunities.com/apply-for-residency/
Senior Living Community - An Eastern Star Home,http://easternstarhomes.org/wp-content/uploads/2014/05/Move-In-Application.pdf
Heritage at Framingham,https://documentcloud.adobe.com/link/track?uri=urn%3Aaaid%3Ascds%3AUS%3A50b20f2f-6fa8-491d-9b06-0e3a7cc8880e
Park Place Apartments,https://g5-assets-cld-res.cloudinary.com/image/upload/v1564167031/g5/g5-c-iksi16c1-ray-stone-inc-sl/g5-cl-562pc2xvg-park-place-senior-living/uploads/C-Application_For_Residency-07-15-2019_vldz5e.pdf
Pacific Retirement Services,https://www.retirement.org/wp-content/uploads/2020/01/PRS-Application-Packet-Senior-Housing-1.20.pdf
The Granville Assisted Living Center,https://www.thegranvilleassistedliving.com/resources/application-forms/
Marlow Manor Assisted Living Facility,https://www.marlowmanor.com/wp-content/uploads/application-07-17-1.pdf
Eddy Senior Living,https://www.eddyseniorliving.com/wp-content/uploads/2016/06/Confidential-Data-Application-ESL6-16.pdf
Vista on 5th,https://lottresidence.org/wp-content/uploads/2020/02/Application-for-Admission-Vista.pdf
Prarie Bluffs Senior Living,https://www.prairiebluffsseniorliving.com/application/files/4415/9681/9606/Prairie_Bluffs_Senior_Living_Residency_Application.pdf
Fairport Baptist Homes,https://fairportbaptisthomes.org/wp-content/uploads/2013/12/FBH-Assisted-living-Admission-Application-WEB.pdf
RoseCrest,https://www.rosecrest.org/client/rosecrest.org/files/documents/RoseCrest_app%20for%20residency_2017.pdf
Northaven Assisted Living,http://northavenseniorliving.org/publications-pdfs/applications/Northaven-Assisted-Living-Resident-Application.pdf
The Cascades,http://cascadesassistedliving.com/wp-content/uploads/sites/14/2019/10/The-Cascades-Application-for-Residency.pdf
Loudonville Assisted Living,https://loudonvillealr.com/wp-content/uploads/2019/08/APPLICATION_FOR_RESIDENCY.pdf
The Lena and David T. Wilentz Senior Residence,http://www.wilfcampus.org/wp-content/uploads/2016-Wilentz-Application.pdf
Cardinal Ritter Senior Services,https://cardinalritterseniorservices.org/wp-content/uploads/2014/11/mophapp.pdf
"Mary, Queen and Mother Center",https://cardinalritterseniorservices.org/wp-content/uploads/2014/11/MQMC-Application042412.pdf